Group,Mutation_Info,Delta_log_kcat,IST_Gini,Peak_Count,Max_Prominence,Primary_FWHM,Mut_Max_Coupling,Mut_SVD_Dominance,Mut_Global_Gini
Beneficial,E542A,5.2946275040548505,0.9882815579307921,1,0.09926860179093241,1.002627152802006,0.051584333,0.8973552,0.9974392964004015
Beneficial,C20R,4.443136757409294,0.689787241578996,3,0.030935499535077515,1.0010562255667281,0.0523362,0.5585514,0.6874924389657285
Beneficial,Sub(DY->QH @ 195),4.041392685158225,0.9213179528821086,1,0.028064857240483757,1.0261042945632255,0.045629468,0.8133214,0.9927817068060749
Beneficial,Sub(DY->QH @ 195),4.041392685158225,0.8719913076783592,1,0.019275199053161548,1.0893566040386133,0.03747507,0.7791034,0.9891507438082149
Beneficial,Sub(DY->QP @ 195),3.929418925714293,0.9032410112028219,2,0.05230918709093958,1.0113437417945192,0.04608595,0.5782463,0.9813259555333915
Beneficial,Sub(DY->QS @ 195),3.929418925714293,0.8964453592077436,1,0.0218272638781284,1.0074013832625894,0.049516946,0.76631135,0.991730564992645
Beneficial,D195S,3.929418925714293,0.9178937249057768,1,0.04623785848203498,1.0108119528395605,0.033488754,0.644017,0.9875458346488647
Beneficial,D195N,3.812913356642856,0.9258492600670061,1,0.02799577225397491,1.1268982697018544,0.043561526,0.716766,0.9923863067676933
Beneficial,D195Q,3.812913356642856,0.8867198845768802,1,0.01837914247722663,1.0393469778911708,0.042651866,0.714102,0.9909978661844947
Beneficial,S357Y,3.435728569561437,0.9979659613720162,1,1.0,1.000000008639745,0.99963844,1.0,0.9979659845147868
Beneficial,S357Y,3.283843757795844,0.9979659613720162,1,1.0,1.000000008639745,0.99963844,1.0,0.9979659845147868
Beneficial,V93G,3.2130748253088512,0.986488386655777,1,0.3277338313338476,1.0090423632195016,0.10956369,0.48595244,0.9916877367664453
Beneficial,E204G,3.148124795434314,0.8911367030461742,1,0.20452084672817886,1.0012264760201504,0.17452231,0.846809,0.9546523102121017
Beneficial,D195A,3.113943352306837,0.8305022704940513,4,0.0312236613220967,1.0109701596896912,0.02812955,0.44819033,0.9583569147911972
Beneficial,D195A,3.113943352306837,0.8907769635524421,5,0.04760731209481346,1.003820861156811,0.034127116,0.46661514,0.97775488207851
Beneficial,V93A,2.3720933514894265,0.9807165366217826,5,0.3305457358249551,1.0064447753872745,0.100069396,0.591792,0.9905969110138423
Beneficial,A15T,2.3449354813630627,0.8634313781314124,2,0.03183053970826803,1.0012938942788239,0.11255872,0.58227503,0.9683807044028989
Beneficial,A15T,2.3449354813630627,0.7129104638949705,3,0.02778170092057806,1.0100882940932596,0.08023108,0.5509672,0.8615483131084011
Beneficial,L252A,2.212608092881444,0.9481992855049848,3,0.054978937357496364,1.0028151387598996,0.20030797,0.82790625,0.9688144996773763
Beneficial,Y107A,2.1799863029392053,0.8887100066562131,1,0.10967155117783965,1.0088446538808853,0.019730745,0.48936567,0.9320217997222917
Beneficial,Sub(YF->AA @ 107),2.121994355961519,0.8985998638604636,1,0.1173533217400384,1.0064852601667553,0.021350266,0.49142882,0.9317190645417944
Beneficial,T347S,2.1045389704660664,0.8682239174241193,1,0.08465695579339769,1.056281818484024,0.10788216,0.56730413,0.9694043059441583
Beneficial,F108A,2.1038961338687225,0.9095805946351577,1,0.1138161679246972,1.0052875651912245,0.021721018,0.47675842,0.9259403627331999
Beneficial,S357Y,2.0848796621463914,0.9979659613720162,1,1.0,1.000000008639745,0.99963844,1.0,0.9979659845147868
Beneficial,H139A,2.0550475663309054,0.9428144647653084,2,0.09856656145077364,1.0038592507612805,0.09408287,0.8051892,0.9648312026899916
Beneficial,S357Y,2.0225917582496407,0.9974934930086282,1,0.16410654654841703,1.0000009443339195,0.23131076,0.7946162,0.9988032310572404
Beneficial,E164D,2.0211892990699383,0.7420951477291432,1,0.046059471594359115,1.0193189539501475,0.11549028,0.7381414,0.7650763443639991
Beneficial,L294G,1.915679114299964,0.0,0,0.0,0.0,0.4996075,1.0,0.9983296294812612
Beneficial,L294S,1.8487323246693503,0.0,0,0.0,0.0,0.49938956,1.0,0.9983281338306673
Beneficial,Q176S,1.835056101720116,0.9978939436463135,1,0.9999999999939215,1.000000081161204,0.96208614,1.0,0.9978939575629749
Beneficial,G37D,1.833063921704332,0.904269632369405,2,0.32488209512789684,1.000539465169652,0.13521586,0.5885909,0.9194043773552747
Beneficial,K271T,1.8289777729736565,0.9781077120203179,1,0.07691304320713856,1.0001092233232498,0.36525404,0.8927594,0.9801849309739596
Beneficial,R184L,1.812913356642856,0.7437625954525486,1,0.0460760500997839,1.0214962933679317,0.11521884,0.73331183,0.7673838448604826
Beneficial,Y52L,1.7678716111390735,0.9920080626935425,1,0.09183629346840574,1.0112972088487595,0.2233216,0.8799543,0.9959996558569607
Beneficial,A460I,1.7481880270062002,0.9575836296073432,1,0.14891748454842976,1.0551211542204193,0.08552242,0.70075196,0.9584729176005437
Beneficial,K271T,1.742222910403696,0.9719227007741311,1,0.07751489792579472,1.0004941619533554,0.35356706,0.8763883,0.9752184916381775
Beneficial,Q66A,1.7301539689796956,0.9884014121543393,1,0.16764116047720404,1.0072068455154124,0.14817393,0.8936692,0.9960119391078877
Beneficial,A95G,1.6661774909397111,0.9909527145899256,1,0.0055231863864661545,1.0602661847002537,0.16305855,0.96863085,0.9968315384564933
Beneficial,L252A,1.6478174818886375,0.9507501990390004,3,0.06435631592235179,1.0029358346472748,0.18320392,0.7857312,0.9708028125789091
Beneficial,A95G,1.616580530085886,0.9650736576803769,1,0.0166104085214558,1.0027325651337264,0.19765934,0.9159027,0.9873176825659555
Beneficial,T104L,1.591064607026499,0.9003405111928611,3,0.11677783620635503,1.0032325777904703,0.06247015,0.4634071,0.958243778233919
Beneficial,H227V,1.5584903869154627,0.8767213371673361,2,0.20927215442955288,1.0062122930631574,0.11647046,0.6382742,0.9309318720399221
Beneficial,A95G,1.55602508492783,0.9234563099335543,1,0.03603257862700781,1.07646149592847,0.14883868,0.7710987,0.9349793923869162
Beneficial,F245S,1.5253533644081931,0.6811924610785665,4,0.030862071781460474,1.0114112876748322,0.059610594,0.6187954,0.7882011917454889
Beneficial,Q176S,1.5228787452803378,0.9017598623527814,1,0.13194144144264314,1.197910965695975,0.023747653,0.36894104,0.9367231202715349
Beneficial,C380A,1.497049159086188,0.9653687496242507,5,0.02742456914590099,1.0012581838742562,0.12705742,0.6458445,0.9886054973332887
Beneficial,K65A,1.4729573255843933,0.8684604921955156,1,0.08463496617260197,1.010849434790515,0.18145745,0.83953893,0.95604851849446
Beneficial,K65A,1.4729573255843933,0.9925053631525422,1,0.09064113766742501,1.0000038386456538,0.26574168,0.9456097,0.995174293723307
Beneficial,H217A,1.428674625648206,0.9898267396243534,1,0.18501756346178297,1.0083633290063574,0.16171995,0.8899287,0.9962487762989223
Beneficial,T387A,1.359953996321222,0.9975929965755809,1,0.9999999999999005,1.0000108201027729,0.9897776,1.0,0.9975929849651893
Beneficial,Sub(DIF->ARS @ 207),1.3576849652433285,0.9722081060836236,3,0.09422972863750355,1.0008523513734247,0.05577262,0.48285827,0.9940024372038726
Beneficial,Sub(DIF->ARS @ 207),1.3576849652433285,0.9679813827792356,3,0.11576028644694836,1.0009651639136905,0.07621244,0.44135547,0.9918302364318629
Beneficial,H227C,1.3530589956679913,0.8738531050860932,2,0.2112698256152056,1.0060156364246353,0.118205436,0.62872887,0.9280829480587602
Beneficial,K96R,1.3521825181113625,0.9528866590127606,4,0.03282812507245169,1.0092552414870966,0.10924441,0.637469,0.9756479364669967
Beneficial,F105Y,1.3521825181113625,0.8915920035447763,1,0.12393525820593325,1.0042704647168392,0.15480098,0.57167566,0.9648001325295879
Beneficial,C380A,1.3465693128133054,0.9251847598318467,8,0.03504423317696746,1.0600787177397581,0.040703565,0.37585095,0.9778203743903587
Beneficial,T103I,1.3377811993942816,0.9643350216340782,1,0.06605160816697789,1.0268665982710274,0.15086265,0.8756525,0.9901288787319702
Beneficial,K8A,1.3263358605649274,0.9343491110602565,1,0.035356525246890674,1.0003155191097477,0.047545657,0.6580809,0.9790852570357773
Beneficial,F105Y,1.3187587626244128,0.946846524484482,1,0.39905298296535835,1.0016746097801104,0.5614229,0.76653236,0.9829572257765342
Beneficial,E132A,1.3174204118521506,0.970294390203559,7,0.2950974982693624,1.053896825002905,0.2509608,0.75295985,0.986316881534643
Beneficial,T347S,1.3161016636400793,0.866321546501241,4,0.01900573293818522,1.0032770047579334,0.10026467,0.7392837,0.9703391310918301
Beneficial,T377L,1.3010299956639813,0.958232156318704,1,0.14422259145847066,1.0535663663931452,0.0868379,0.6897674,0.9598321577326239
Beneficial,Y52L,1.2889196056617265,0.8821742317236656,1,0.08506546226893051,1.0022033701482087,0.16072363,0.5776706,0.9646347689427968
Beneficial,C116H,1.2854482533109768,0.7232427181286428,5,0.008272548223175948,1.0652866793146245,0.20279935,0.83189803,0.93366817776147
Beneficial,D439A,1.2847274844415817,0.8049421474164038,3,0.02773829035382339,1.0003522573690873,0.12048937,0.56224114,0.9562194172561098
Beneficial,I472A,1.2844307338445191,0.9613355256834842,1,0.5597604122678815,1.0675763135488552,0.67481136,0.9636539,0.9844028494125547
Beneficial,L372I,1.2820067583505508,0.9423098684214557,1,0.33285356032468577,1.0006499671802018,0.52954626,0.8227087,0.971635369715164
Beneficial,Sub(DIF->ART @ 207),1.2538197929989106,0.9671916423080301,3,0.1118874185786283,1.0023653338088252,0.06931218,0.43455592,0.9917851678173102
Beneficial,Y52V,1.2527253160894256,0.9882530635100636,3,0.045134464884922905,1.0072876107457205,0.2203305,0.537821,0.9960254427416052
Beneficial,L294S,1.2430380486862944,0.9860149794844584,1,0.07918611630187174,1.000573779294001,0.08700148,0.96164405,0.9965806213492627
Beneficial,L294G,1.2218487496163566,0.9870767614007114,1,0.0794544490675545,1.0005360863809756,0.086986475,0.96494514,0.9968188088664407
Beneficial,H298D,1.2126080928814436,0.9792877454332022,3,0.07816596477389963,1.2060137608642094,0.14373335,0.7237522,0.9832357709942597
Beneficial,M213R,1.2108533653148934,0.9620784771734361,2,0.05612947662605618,1.0719673672429622,0.23841669,0.6731343,0.9818382321044874
Beneficial,D153A,1.2024201977780304,0.0,0,0.0,0.0,0.47157514,1.0,0.9964138211991095
Beneficial,Sub(LL->AA @ 294),1.2009148427807137,0.0,0,0.0,0.0,0.42604548,1.0,0.9971224786130645
Beneficial,E457V,1.184524426592544,0.96981207856504,3,0.10272576298858657,1.1024442165336836,0.03878813,0.40609893,0.9847685999080578
Beneficial,S312W,1.1800215526841138,0.9966084514744653,1,1.0,1.0148709578894568,0.8925725,1.0,0.996608457603526
Beneficial,L104A,1.176091259055681,0.932759949965088,3,0.3574369351584741,1.0081182990610955,0.18226244,0.7358314,0.9713474432786787
Beneficial,K201F,1.1755527661387015,0.9800104663374283,2,0.21982141311205772,1.0016864329521553,0.25836492,0.55116516,0.9916774025303386
Beneficial,V446A,1.1697510810246623,0.768645480451001,1,0.023367040655659373,1.045478473303291,0.08249233,0.84535915,0.9451468493268889
Beneficial,R102A,1.1695603918967237,0.8956994933291608,3,0.27951569841131,1.0859069737243772,0.20338331,0.83445597,0.9811857624284425
Beneficial,T387A,1.1589969618675593,0.8689247431101145,2,0.015536082403849053,1.0005973620943678,0.14421575,0.77814156,0.9301147626385443
Beneficial,Y311W,1.1583624920952496,0.9312477457709714,2,0.16195363603890436,1.0074368323546992,0.23661171,0.7268887,0.9705890534555582
Beneficial,A460Y,1.146128035678238,0.9560308267703019,1,0.14979844742919934,1.0558454047131747,0.085638404,0.70292294,0.9582821279642699
Beneficial,S101A,1.1408154987071382,0.9445993194665283,3,0.05283151076662871,1.31242063892563,0.05274262,0.281113,0.9764927671629602
Beneficial,D77N,1.139149111378853,0.8121714242067083,2,0.057608084699234806,1.0153492545601495,0.048781525,0.3664334,0.959290438002273
Beneficial,H185A,1.1372891749947294,0.7775240094902985,4,0.008829006423467923,1.045119865060542,0.0075288187,0.54271114,0.816367402272461
Beneficial,V291A,1.131278914639319,0.0,0,0.0,0.0,0.41491824,1.0,0.9970853951367423
Beneficial,Q176E,1.1249387366083003,0.903430423863007,1,0.1320607517744742,1.1828667721354762,0.02390601,0.36647993,0.937609096293818
Beneficial,Y97N,1.1087380929736868,0.9608330385415841,3,0.014284963215749694,1.003694606370047,0.08099044,0.8543685,0.9922565676734075
Beneficial,Y97N,1.1087380929736868,0.9607326558942574,1,0.03313488027568821,1.004715285628393,0.04933545,0.6366883,0.9759393268304675
Beneficial,L97G,1.1043980344006066,0.9903558432452829,2,0.3948410896014509,0.9999993079251226,0.3321718,0.85502905,0.9963340091131836
Beneficial,L97G,1.1043980344006066,0.9008814292482459,2,0.3827784344766812,1.0078403728600165,0.019137522,0.4900552,0.9191472148138112
Beneficial,K65R,1.1030983367956302,0.8913217388929063,1,0.12300113261856047,1.0055459288924453,0.25098893,0.86913437,0.9603822578255916
Beneficial,K65R,1.1030983367956302,0.9941949762073473,1,0.12189471970726652,1.0000030931240929,0.2927032,0.9612281,0.9962979981796488
Beneficial,Y224F,1.1007483567828893,0.8912115771707657,1,0.1643916777353991,1.0793160500104477,0.15531977,0.6645242,0.9653294705306541
Beneficial,N142Y,1.100670161881363,0.9025195575023316,1,0.13175082573106686,1.215517263859276,0.026903156,0.36619383,0.9390514926050498
Beneficial,L294D,1.091770373355645,0.0,0,0.0,0.0,0.3625407,1.0,0.9972380405293986
Beneficial,Q222N,1.0818871394235496,0.8332891702116523,1,0.2861864567053613,1.040818806607092,0.021117479,0.33554438,0.880547802133586
Beneficial,Q222N,1.0818871394235496,0.8886192192271327,1,0.30663343394550774,1.1189850570171984,0.038849868,0.34030065,0.9301084405632289
Deleterious,C155S,-6.798354636471931,0.8729237110242811,3,0.10345230560569323,1.0191081952345655,0.06377557,0.45283434,0.964566732940853
Deleterious,N244D,-6.661181443446619,0.8440474451263964,5,0.04235109429335849,1.0070791956762548,0.034653116,0.5084514,0.9306878920437299
Deleterious,D206S,-6.437750562820388,0.8051312774512486,11,0.050604812205231234,1.0998364221097638,0.029600065,0.45242444,0.8603818061683648
Deleterious,E252Q,-6.3979400086720375,0.8626705441738851,9,0.07998149480458323,1.0027047997261889,0.03598711,0.4730795,0.915393727047617
Deleterious,R132A,-6.301029995663981,0.9114624517345082,3,0.17286644083471425,1.2189174970249326,0.07329918,0.46980837,0.9589374519314747
Deleterious,Y44F,-6.28330122870355,0.9707785193469161,2,0.1500819045530673,1.0832575367941075,0.19016027,0.5497374,0.9912579453738299
Deleterious,W334H,-6.2632414347745815,0.832284366339515,2,0.07106939826920768,1.0218585750587863,0.07892104,0.6411763,0.9031234643335346
Deleterious,E520A,-6.164352855784437,0.9827237932876314,1,0.31688040731384004,1.4939954817731973,0.17849809,0.63268644,0.9957096112593228
Deleterious,R188S,-6.113943352306837,0.9037920690078523,2,0.1145079679508643,1.5081410807122495,0.041626003,0.28748372,0.9498538008418457
Deleterious,D206E,-6.070394641794369,0.9048503034184121,2,0.08322744759024377,1.1933303172646106,0.24373777,0.6807261,0.9343815605453978
Deleterious,Y92C,-6.049281197371276,0.8728754799384105,3,0.07709625735929516,1.0022386346118992,0.052210934,0.53583205,0.9540921676953654
Deleterious,R200K,-5.9622114391106,0.8381932479693281,5,0.06326490198165276,1.0137342154617102,0.039584167,0.5088374,0.9153256712996001
Deleterious,Sub(RN->AA @ 269),-5.933053210369387,0.7990493987815493,7,0.0839101439148431,1.0292439793271733,0.025466632,0.45331421,0.855478797892813
Deleterious,R287A,-5.909080350681132,0.9745157112448197,1,0.23695672652161748,1.28114843488828,0.18303214,0.6232475,0.9960318975349385
Deleterious,C42A,-5.867188640291815,0.9122846415745552,5,0.08593174832572562,1.046096587577665,0.021707,0.41439176,0.9480617576462019
Deleterious,D203L,-5.865301426102544,0.7190657298819187,8,0.025061471217061107,1.0861014794199377,0.017469296,0.34185702,0.841180181634507
Deleterious,R340K,-5.8372727025023,0.8616957257336658,3,0.08213573981032819,1.0258061607921292,0.07220212,0.5495641,0.915017104150621
Deleterious,V88F,-5.8372727025023,0.8207596137682716,5,0.03789537234921444,1.2367381719645323,0.0396506,0.42109522,0.9008568343922514
Deleterious,D196A,-5.815475573407456,0.9300727146016182,4,0.07797709021697755,1.0157924177142377,0.12099016,0.47532728,0.9689840581616468
Deleterious,L108A,-5.786120180054919,0.8211620954174897,2,0.040852107807442896,1.0879941197132865,0.040572647,0.6069182,0.9383810572109601
Deleterious,F64P,-5.698970004336019,0.9332404587008113,1,0.09620602510506442,1.0485090537928983,0.07051681,0.6543188,0.9677212602239985
Deleterious,T89F,-5.698970004336019,0.8392079493072362,1,0.058962399557963216,1.0072971086008948,0.06583433,0.7492869,0.9204272830018988
Deleterious,H65R,-5.638238783268435,0.832231854691644,17,0.15350954338403205,1.0254022972590064,0.009355188,0.3750446,0.8865275708479583
Deleterious,S248A,-5.626419337187407,0.7679310400165011,7,0.04136844700253984,1.010174897883644,0.045046862,0.36828983,0.8834601739878174
Deleterious,D116E,-5.626419337187407,0.8618144871389021,1,0.04860284818145503,1.003549976949472,0.068004325,0.8907613,0.9572913561988386
Deleterious,E237Q,-5.617299957884699,0.9571345376106887,1,0.032592495088945087,1.0006554126399578,0.11039254,0.9718198,0.9943516950543819
Deleterious,Y92A,-5.594234653816006,0.825371547945752,5,0.04254353096977665,1.2732723372178043,0.08041497,0.46577734,0.9361519381874672
Deleterious,D276E,-5.579194000667482,0.9369914593755231,3,0.10168574972782761,1.0003009333901787,0.029375568,0.43309063,0.961888500646415
Deleterious,D302A,-5.475352231980816,0.9421864479011554,6,0.07538634238532585,1.2379030951571934,0.029736862,0.44844347,0.9531082215334821
Deleterious,K251Q,-5.439332693830263,0.855214238595171,6,0.06650456687233572,1.043713792822814,0.051947527,0.42389113,0.923645486450378
Deleterious,R41Q,-5.431363764158987,0.9739686143039678,3,0.09913925279475999,1.0077564684982647,0.079760216,0.5743397,0.98799772319555
Deleterious,E252D,-5.3979400086720375,0.8065194118810738,9,0.0651177146737207,1.3350195745692304,0.021568114,0.46731728,0.9104941072240565
Deleterious,D116N,-5.3979400086720375,0.8440864277875475,1,0.043112617592192905,1.0138084249614963,0.079724446,0.85332775,0.955387252704639
Deleterious,C42S,-5.390935107103379,0.8973136107271644,1,0.06891126352875648,1.0327879756608809,0.031332098,0.56331134,0.9516505374278226
Deleterious,Y92F,-5.378634853476651,0.8275544361395686,6,0.043427827163585814,1.0114448162760823,0.04481836,0.4172258,0.9395143598965722
Deleterious,C51A,-5.36695850937229,0.9593995322235027,1,0.2685931279864262,1.023173193681039,0.37005302,0.7996909,0.9776773063544688
Deleterious,Y341F,-5.342422680822207,0.8008524046240053,3,0.05564264091863126,1.012651327991307,0.04183678,0.55860645,0.9067468850556244
Deleterious,V88A,-5.342422680822207,0.7790962966789847,5,0.04571195888207389,1.1029608855787671,0.032643486,0.48083586,0.8870469315740732
Deleterious,W334L,-5.308998925335256,0.839528660513397,2,0.06528709372518043,1.0138003439669774,0.076349065,0.656515,0.9279134215138541
Deleterious,H106C,-5.305882498458393,0.0,0,0.0,0.0,0.3801414,1.0,0.9973725441907506
Deleterious,D179G,-5.301029995663981,0.7024286063428284,2,0.08838991158210117,1.1090898159868914,0.06007448,0.46128723,0.8524976830637084
Deleterious,A134D,-5.281724840468595,0.8773393524376415,8,0.06405399580648401,1.0005026944888287,0.03713496,0.31239972,0.9548132141149707
Deleterious,D96A,-5.281724840468595,0.8019172765579414,9,0.13277344475095484,1.0207866590672232,0.022854852,0.27065173,0.8824350667007662
Deleterious,R90G,-5.221848749616356,0.7471656402074965,6,0.07076164844514862,1.1903541207361243,0.048882067,0.40658653,0.7945347663604208
Deleterious,C124S,-5.200515858387099,0.9412147213983404,2,0.05494295479625789,1.0201202463373065,0.24399024,0.7434835,0.9736554366389216
Deleterious,Y72F,-5.196590654117307,0.8216240075986755,2,0.04176926050590034,1.0668063754356467,0.08957965,0.56126475,0.9380530554790004
Deleterious,S158G,-5.187086643357144,0.9965819466995186,1,0.9999999999999998,1.0000001736236044,0.99568033,1.0,0.9965819436174707
Deleterious,L108F,-5.184060188726956,0.8380376034329549,3,0.05634283831642462,1.1312902490309398,0.051499598,0.6299973,0.931091881678109
Deleterious,K251R,-5.172160965427249,0.7609011077331349,3,0.04640310088604228,1.1028689731876682,0.043058258,0.584392,0.9008935163287831
Deleterious,D59S,-5.137173193025312,0.9579435089697005,1,0.1961766322302745,1.0071516843970585,0.06077404,0.6976509,0.957193796509991
Deleterious,E119Q,-5.0591214521186565,0.8528531227305021,1,0.04787226983379751,1.1159841386232756,0.082160845,0.6645614,0.9518879504538401
Deleterious,D415N,-5.048933332734125,0.9631705633854769,1,0.22364103003196065,1.2201231224865978,0.073862374,0.41062075,0.9829532863964632
Deleterious,D415N,-5.048933332734125,0.8709731584341025,1,0.09054502587714663,1.0600456073409532,0.06885035,0.5165706,0.9350463978797101
Deleterious,G113N,-5.036212172654444,0.9127348426866326,1,0.12662165927490138,1.534423054652624,0.10145304,0.5928506,0.9580205886246808
Deleterious,C124A,-5.032881226394656,0.9292089112592417,2,0.050974581704167105,1.0171235532745513,0.23400734,0.77645874,0.9711643106254731
Deleterious,H289R,-5.028028723328809,0.8301168427280807,20,0.02718911262625213,1.934037488246375,0.0021750636,0.5532948,0.8465196415174007
Deleterious,E237Q,-5.026328938722349,0.9262811640723604,1,0.022078102641325304,1.0009955378735071,0.06863552,0.9732626,0.9930466999581317
Deleterious,H339N,-5.025554104472388,0.9780981673412431,1,0.14700021380701597,1.0912084400470121,0.21077478,0.9103187,0.9813476860294121
Deleterious,H289R,-5.02530586526477,0.8452899408276264,15,0.051739939375894294,1.1636878838871922,0.0035483502,0.52273846,0.8641624160892127
Deleterious,H289R,-5.02530586526477,0.8793885005631515,8,0.3692298313264683,1.0172247355825021,0.038516957,0.45153,0.9414671017408659
Deleterious,F448H,-5.01258912730802,0.9363095268486936,1,0.6611120003722358,1.0016899850258127,0.2525454,0.7676623,0.9540009700448582
Deleterious,R132C,-5.0,0.9292366042251838,1,0.16568330200230988,1.117136810709951,0.0938958,0.5917769,0.9676655597643936
Deleterious,L108V,-4.984487833821753,0.805898565732881,2,0.03936581544595251,1.1078576338787656,0.04279478,0.613632,0.9360396996523507
Deleterious,R138A,-4.976934695931306,0.9434025088129672,3,0.08499846813145094,1.0059333724382071,0.03575738,0.42044687,0.9681307221506606
Deleterious,D235A,-4.964966374831097,0.7492453795069016,3,0.02456076125682656,1.0758425843265798,0.091984876,0.61416346,0.845870584993153
Deleterious,W334F,-4.9622114391106,0.8240279778921361,2,0.04650062277721345,1.4287098083902663,0.04845784,0.6415728,0.9410709907642328
Deleterious,E98V,-4.937852093251156,0.9050410319951933,1,0.028036912633748516,1.6533094008566422,0.083751954,0.6909516,0.9558842769702648
Deleterious,E98V,-4.937852093251156,0.8988007667526842,2,0.05203827194035569,1.1755085805078807,0.120845154,0.57984936,0.9648251476352986
Deleterious,E51N,-4.935759103745312,0.9801104356093431,1,0.37885622415487386,1.0000118603235961,0.54865324,0.89982426,0.9771092647955976
Deleterious,D128N,-4.920818753952375,0.9441915159762548,5,0.057966623141143286,1.0015991155918869,0.049445573,0.40202,0.9590952923651386
Deleterious,T89A,-4.920818753952375,0.79939119576369,2,0.03945208207518662,1.147099932879911,0.039772723,0.5803512,0.9323758910764554
Deleterious,D128A,-4.920818753952375,0.9157145043949334,4,0.0813321612346634,1.091161302868798,0.039934542,0.48325613,0.9450071217344682
Deleterious,G292C,-4.903089986991944,0.8365352299800483,7,0.4048330567395092,1.0980699835819792,0.055796385,0.70631415,0.9433537934073818
Deleterious,G292C,-4.903089986991944,0.8928663860595869,2,0.3365880138612409,1.187960008956395,0.07929269,0.5857675,0.9676248956850713
Deleterious,W334Y,-4.895264649479987,0.8413474406956442,1,0.057513497436030785,1.2158708375306588,0.0717953,0.7482679,0.9393276312583472
Deleterious,R100Q,-4.895264649479987,0.8888581657833778,3,0.04426016530606997,1.030140861196827,0.048080597,0.5607983,0.9703646842405852
Deleterious,K76R,-4.86143240735652,0.9359457142566893,6,0.021114517541883756,1.1259038642246182,0.010599269,0.6201811,0.9393935677840278
Deleterious,H141R,-4.79339121694038,0.9481295168247166,5,0.03638839867682999,1.034522527760089,0.04883405,0.43011823,0.978399504687761
Deleterious,D258A,-4.788875115775417,0.7947913953518735,20,0.009140467337151612,1.5770025427560768,0.05844619,0.5721935,0.8687238638347997
Deleterious,E352Q,-4.7846821175426015,0.9325894985017253,1,0.1733080118346485,1.0127763242562082,0.09026225,0.7990135,0.9764570986046629
Deleterious,D179N,-4.784400199660645,0.7135210945678355,2,0.17972140342128284,1.1734607711876492,0.12511612,0.5490172,0.860630393907678
Deleterious,C564A,-4.7792807555246135,0.8903256614349079,1,0.06437006419686196,1.0007459815395805,0.06815144,0.81842875,0.924942576661723
Deleterious,K365M,-4.778151250383644,0.9711970046883336,1,0.29571878620290404,1.0039741796603892,0.41646114,0.9555046,0.9858071815293963
Deleterious,K365M,-4.778151250383644,0.8125971172644678,1,0.052228475654213215,1.023284012067208,0.13402937,0.7838283,0.9425157144543621
Deleterious,E329A,-4.764108173000174,0.9379967841083591,3,0.4188439196962537,1.001302330958083,0.024796037,0.45571324,0.9488693344034494
Deleterious,L108S,-4.7626390842053965,0.8130573888700936,2,0.03865318876143255,1.1126523155998171,0.040390577,0.5990588,0.9400964253347689
Deleterious,K242D,-4.758212920441457,0.9383253126952107,1,0.0749248640151685,1.047969897236328,0.0508531,0.6029909,0.9782354375558588
Deleterious,E119D,-4.753590955227999,0.8070185617939063,3,0.03677754555812353,1.1622345265479481,0.041351244,0.57149696,0.9318070767164324
Deleterious,E152Q,-4.74170298395774,0.948549017614113,3,0.10200350754238702,1.0300241611350458,0.041752722,0.46814626,0.9753795932484753
Deleterious,R138A,-4.729567148282304,0.9370314161092739,3,0.10395154040328285,1.0055808929221044,0.044883795,0.48670512,0.9643272879679871
Deleterious,H54A,-4.714482170514267,0.9316687603629985,2,0.03955989942419548,1.049323536716173,0.045514353,0.57194775,0.9666372110231096
Deleterious,W224H,-4.706376355839689,0.898586970220327,2,0.08000593568939651,1.1141948789920662,0.067960605,0.5865835,0.9479387982650849
Deleterious,S117C,-4.703291378118662,0.7909210316599573,2,0.17821549935584938,1.0021653252740634,0.040873405,0.41825053,0.8195115972142047
Deleterious,K385A,-4.697882908694805,0.9679615246296177,1,0.13732561295975956,1.0483544794082036,0.0858012,0.7296407,0.9853862087769655
Deleterious,E51A,-4.682501889877331,0.9708520388658242,1,0.23068208280998792,1.0000202048280187,0.43111348,0.84232163,0.9739094918655565
Deleterious,R132G,-4.674969727932252,0.9210525041188369,1,0.13915969444792406,1.0334696324559332,0.13537574,0.67696863,0.9699135011802057
Deleterious,Q329A,-4.669316880566113,0.8851069202123731,3,0.06341309629851508,1.0210165504302608,0.06392242,0.554478,0.8243898130180242
Deleterious,D223G,-4.669006780958575,0.9842486115807304,2,0.37779029872086933,1.0070072115573083,0.48062474,0.9256673,0.9808663218873355
Deleterious,D170A,-4.663642041994276,0.9491260855732226,2,0.1720991193702773,1.001794068783461,0.07817887,0.6850019,0.9519917805095601
Deleterious,H197N,-4.653212513775344,0.9166395341848287,3,0.12357968605094258,1.489904842591585,0.06547461,0.5023307,0.8887824593535587
